<?xml version="1.0" encoding="utf-8"?>
<extension
	type="module"
	version="3.x"
	client="site"
	method="upgrade">
  <name>Flexi Custom Code</name>
  <author>Pavel Syomin and AppsNity</author>
  <creationDate>July 12th, 2012</creationDate>
  <copyright>AppsNity 2014–2022, Pavel Syomin 2022—</copyright>
  <license>GNU General Public License version 2 or later; see LICENSE.txt</license>
  <authorEmail>pas.ntg@gmail.com</authorEmail>
  <authorUrl>https://github.com/PavelSyomin</authorUrl>
  <version>2.0</version>
  <description>FLEXICUSTOMCODE</description>
  <namespace>Joomla\Module\FlexiCustomCode</namespace>
	<files>
		<filename module="mod_flexi_custom_code">mod_flexi_custom_code.php</filename>
		<folder>Helper</folder>
		<folder>language</folder>
		<folder>tmpl</folder>
		<filename>index.html</filename>
    	<filename>mod_flexi_custom_code.xml</filename>
	</files>
	<languages>
		<language tag="en-GB">language/en-GB/en-GB.mod_flexi_custom_code.ini</language>
		<language tag="en-GB">language/en-GB/en-GB.mod_flexi_custom_code.sys.ini</language>
		<language tag="ru-RU">language/ru-RU/ru-RU.mod_flexi_custom_code.ini</language>
		<language tag="ru-RU">language/ru-RU/ru-RU.mod_flexi_custom_code.sys.ini</language>
	</languages>
	<config>
		<fields name="params">
			<fieldset name="basic">
				<field name="code_area" filter="raw" type="textarea" default="" label="FCC_CODE" cols="40" rows="20" description="FCC_CODEDESC" />
				<field name="use_php" type="list" default="1" label="FCC_USEPHP" description="FCC_USEPHPDESC">
					<option value="0">JNO</option>
					<option value="1">JYES</option>
				</field>
				<field name="userlevel" type="radio" default="1" label="FCC_SHOWTO" description="FCC_SHOWTODESC" >
					<option value="0">FCC_REGISTERED</option>
					<option value="1">FCC_ALL</option>
					<option value="2">FCC_GUEST</option>
				</field>
				<field name="clean_js" type="list" default="1" label="FCC_CLEANJS" description="FCC_CLEANJSDESC">
					<option value="0">JNO</option>
					<option value="1">JYES</option>
				</field>
				<field name="clean_css" type="list" default="1" label="FCC_CLEANCSS" description="FCC_CLEANCSSDESC">
					<option value="0">JNO</option>
					<option value="1">JYES</option>
				</field>
				<field name="clean_all" type="list" default="1" label="FCC_CLEANHTML" description="FCC_CLEANHTMLDESC">
					<option value="0">JNO</option>
					<option value="1">JYES</option>
				</field>
			</fieldset>
			<fieldset
				name="advanced">

				<field
					name="layout"
					type="modulelayout"
					label="JFIELD_ALT_LAYOUT_LABEL"
					description="JFIELD_ALT_MODULE_LAYOUT_DESC" />

				<field
					name="moduleclass_sfx"
					type="text"
					label="COM_MODULES_FIELD_MODULECLASS_SFX_LABEL"
					description="COM_MODULES_FIELD_MODULECLASS_SFX_DESC" />

				<field
					name="cache"
					type="list"
					default="1"
					label="COM_MODULES_FIELD_CACHING_LABEL"
					description="COM_MODULES_FIELD_CACHING_DESC">
					<option
						value="1">JGLOBAL_USE_GLOBAL</option>
					<option
						value="0">COM_MODULES_FIELD_VALUE_NOCACHING</option>
				</field>

				<field
					name="cache_time"
					type="text"
					default="900"
					label="COM_MODULES_FIELD_CACHE_TIME_LABEL"
					description="COM_MODULES_FIELD_CACHE_TIME_DESC" />
				<field
					name="cachemode"
					type="hidden"
					default="static">
					<option
						value="static"></option>
				</field>
			</fieldset>
		</fields>
	</config>
</extension>